0,1525838400
1,2018-05-29
2,2018-07-03
3,2018-07-17
4,2018-09-04
5,2018-09-11
6,2018-10-13
7,2018-11-13
8,2018-11-15
9,2018-12-08
10,2018-12-10
11,2019-01-01
10,2019-01-03
12,2019-01-05
10,2019-01-07
13,2019-02-26
14,2019-03-02
15,2019-03-04
16,2019-03-26
17,2019-03-30
16,2019-04-01
18,2019-04-16
19,2019-04-20
20,2019-04-22
21,2019-05-08
20,2019-05-10
22,2019-05-12
20,2019-05-14
23,2019-06-04
24,2019-06-08
25,2019-06-10
26,2019-08-13
27,2019-09-03
28,2019-09-07
29,2019-09-09
30,2019-09-17
31,2019-09-24
30,2019-09-26
32,2019-09-28
30,2019-09-30
